id,first_name,last_name,email,dob,ip_address
1,Jan,Danev,jdanev0@google.com,5/21/2018,75.173.219.201
2,Tommy,Neal,tneal1@wix.com,11/27/2017,41.13.195.235
3,Georgena,MacNulty,gmacnulty2@godaddy.com,2/27/2018,189.163.126.51
4,Sarge,Strutz,sstrutz3@discuz.net,5/12/2021,155.22.47.214
5,Liuka,Ferronier,lferronier4@eepurl.com,11/22/2019,121.176.165.80
6,Shepherd,Vampouille,svampouille5@sitemeter.com,6/15/2018,11.131.204.206
7,Barnett,Waddingham,bwaddingham6@hao123.com,11/29/2018,188.218.219.8
8,Sloan,McGee,smcgee7@list-manage.com,12/31/2018,57.6.75.57
9,Alford,Siddall,asiddall8@tumblr.com,6/7/2019,71.190.202.254
10,Lizzy,Knoton,lknoton9@fema.gov,6/30/2019,215.69.229.67
11,Barny,Spurden,bspurdena@shareasale.com,10/19/2020,190.150.249.224
12,Fairfax,Henighan,fhenighanb@pinterest.com,1/5/2020,63.161.70.27
13,Kristoforo,Spriddle,kspriddlec@accuweather.com,2/25/2020,69.162.111.99
14,Germayne,Wyss,gwyssd@ox.ac.uk,9/20/2020,129.157.34.222
15,Lucias,Feragh,lferaghe@wikia.com,2/14/2018,22.142.251.154
16,Cynthie,Bembridge,cbembridgef@mtv.com,12/5/2019,109.106.229.211
17,Caitlin,Rathjen,crathjeng@shutterfly.com,3/15/2018,126.115.167.196
18,Shepperd,Shillaker,sshillakerh@mapquest.com,3/13/2019,231.17.112.88
19,Roseann,Zannelli,rzannellii@twitter.com,7/5/2019,166.180.81.113
20,Lark,Darkott,ldarkottj@mapy.cz,6/12/2020,167.179.205.110
21,Henderson,Brunelli,hbrunellik@gnu.org,8/26/2018,74.69.171.150
22,Catherine,Adamthwaite,cadamthwaitel@dedecms.com,1/10/2018,117.74.13.19
23,Hermann,Benzing,hbenzingm@fema.gov,6/21/2018,244.87.96.116
24,Gabrielle,Gell,ggelln@wix.com,12/19/2018,59.223.190.0
25,Berte,Dawid,bdawido@wsj.com,7/31/2018,199.143.174.159
26,Darlene,Boon,dboonp@slideshare.net,1/6/2020,228.254.141.22
27,Robinson,Lambe,rlambeq@tuttocitta.it,12/15/2019,211.178.106.18
28,Jarvis,Redmille,jredmiller@blogtalkradio.com,5/22/2018,216.141.141.23
29,Emmey,Vossing,evossings@narod.ru,7/16/2019,193.106.198.216
30,Tarah,Clissett,tclissettt@i2i.jp,3/15/2019,211.120.246.83
31,Camel,Sneyd,csneydu@histats.com,9/26/2018,81.249.174.6
32,Lori,Novis,lnovisv@xrea.com,3/15/2019,251.149.255.135
33,Ruthann,Vale,rvalew@gravatar.com,2/18/2020,127.73.162.195
34,Sharyl,Nunns,snunnsx@hostgator.com,8/4/2020,218.115.132.112
35,Michal,Martonfi,mmartonfiy@merriam-webster.com,11/25/2018,71.69.218.45
36,Sanderson,Dutnall,sdutnallz@list-manage.com,4/21/2018,235.139.89.3
37,Carleton,Fairy,cfairy10@trellian.com,9/3/2018,231.116.165.58
38,Haze,Ziebart,hziebart11@typepad.com,1/1/2018,216.147.13.20
39,Tad,Dunstan,tdunstan12@squidoo.com,8/11/2018,227.247.67.242
40,Susannah,Phillis,sphillis13@seattletimes.com,3/3/2019,2.183.0.46
41,Toni,Whimp,twhimp14@uiuc.edu,12/31/2018,41.140.151.207
42,Stafford,Dybald,sdybald15@yelp.com,3/13/2020,128.26.0.29
43,Terri-jo,Kidney,tkidney16@abc.net.au,1/21/2021,91.52.233.44
44,Benton,Grisley,bgrisley17@blogspot.com,3/17/2019,237.74.167.53
45,Biron,Fosbraey,bfosbraey18@adobe.com,6/2/2020,48.238.1.237
46,Edeline,Ackrill,eackrill19@wisc.edu,6/10/2020,0.218.147.113
47,Konstance,Werndley,kwerndley1a@hugedomains.com,5/3/2020,150.150.114.96
48,Ernestine,Birrane,ebirrane1b@boston.com,11/18/2019,49.94.253.59
49,Vinnie,Limbert,vlimbert1c@zimbio.com,2/8/2020,219.90.58.69
50,Sara-ann,Thorsen,sthorsen1d@ucla.edu,4/29/2018,0.168.92.13
51,Flint,Maxfield,fmaxfield1e@va.gov,12/24/2017,29.187.109.66
52,Bastian,Garry,bgarry1f@123-reg.co.uk,1/13/2018,104.83.189.250
53,Stormi,Dumbelton,sdumbelton1g@flavors.me,4/27/2020,181.158.35.169
54,Melesa,Cockton,mcockton1h@weebly.com,12/17/2018,75.230.150.172
55,Agna,Mingay,amingay1i@sohu.com,3/28/2020,215.97.192.179
56,Dottie,Exelby,dexelby1j@is.gd,7/21/2020,134.148.83.210
57,Jedediah,Soles,jsoles1k@shutterfly.com,1/27/2019,92.205.70.155
58,Werner,Lewton,wlewton1l@rakuten.co.jp,7/30/2018,205.221.108.171
59,Lauren,Franses,lfranses1m@tuttocitta.it,3/12/2020,181.7.159.237
60,Katheryn,Finlater,kfinlater1n@discuz.net,1/3/2019,118.155.179.126
61,Netty,Penvarden,npenvarden1o@xrea.com,9/10/2018,128.162.189.237
62,Boniface,Gapper,bgapper1p@sbwire.com,3/21/2018,179.91.99.156
63,Gianni,Bickell,gbickell1q@umich.edu,8/7/2018,150.97.162.154
64,Cynthia,Crannage,ccrannage1r@craigslist.org,7/29/2019,245.10.160.249
65,Corette,Bygraves,cbygraves1s@google.ca,11/12/2017,180.124.36.246
66,Jerry,Shrimpling,jshrimpling1t@deliciousdays.com,5/27/2020,9.84.70.10
67,L;urette,Mallender,lmallender1u@friendfeed.com,10/13/2018,123.134.91.42
68,Pascal,Petera,ppetera1v@msu.edu,11/16/2019,127.241.211.102
69,Clemence,Daulton,cdaulton1w@harvard.edu,11/27/2018,121.223.205.204
70,Cilka,Burchmore,cburchmore1x@amazon.co.jp,10/14/2019,57.124.136.62
71,Chalmers,Athowe,cathowe1y@psu.edu,5/28/2019,54.39.234.88
72,Zara,McKim,zmckim1z@github.com,1/17/2020,27.199.75.122
73,Cassaundra,Wanne,cwanne20@squidoo.com,3/29/2021,250.228.152.244
74,Koressa,Alderman,kalderman21@blinklist.com,2/7/2020,125.20.48.207
75,Vilma,Arsey,varsey22@qq.com,10/10/2020,183.241.155.234
76,Skell,Steddall,ssteddall23@surveymonkey.com,3/5/2019,211.2.91.14
77,Lydia,Rogeron,lrogeron24@miitbeian.gov.cn,1/20/2021,182.190.73.77
78,Bridget,Furmenger,bfurmenger25@abc.net.au,10/11/2018,6.38.245.212
79,Frankie,Paulillo,fpaulillo26@ow.ly,11/23/2017,73.35.17.49
80,Jordain,Heiton,jheiton27@sina.com.cn,7/1/2021,171.68.1.149
81,Ashely,Purselow,apurselow28@constantcontact.com,7/9/2020,126.33.96.53
82,Gawain,Delion,gdelion29@ning.com,6/29/2021,221.218.243.184
83,Druci,Sowerbutts,dsowerbutts2a@craigslist.org,3/2/2018,247.37.172.35
84,Kristien,Gilliatt,kgilliatt2b@forbes.com,3/22/2019,138.254.52.235
85,Menard,MacGill,mmacgill2c@rakuten.co.jp,10/17/2018,145.51.114.102
86,Michell,Picott,mpicott2d@marriott.com,12/20/2020,96.176.95.208
87,Dedra,Stirrip,dstirrip2e@free.fr,4/24/2021,91.56.231.111
88,Felice,MacCole,fmaccole2f@guardian.co.uk,7/7/2018,189.91.137.245
89,Chucho,Akrigg,cakrigg2g@vk.com,5/29/2020,207.126.128.40
90,Cosme,Hardwin,chardwin2h@sohu.com,1/4/2020,188.219.59.153
91,Lesya,Diem,ldiem2i@bandcamp.com,9/7/2019,245.240.15.168
92,Elaina,Slocombe,eslocombe2j@forbes.com,7/19/2021,254.217.229.155
93,Newton,Guile,nguile2k@parallels.com,5/13/2018,240.137.236.181
94,Thorn,Dalston,tdalston2l@last.fm,7/5/2021,19.169.66.8
95,Fin,McGriffin,fmcgriffin2m@walmart.com,12/22/2017,124.221.16.21
96,Elga,Conboy,econboy2n@npr.org,1/2/2019,67.194.194.203
97,Blinni,McMennum,bmcmennum2o@elpais.com,7/18/2019,31.238.39.234
98,Yoko,Williamson,ywilliamson2p@163.com,4/24/2021,102.159.49.204
99,Gertrudis,Koubek,gkoubek2q@hugedomains.com,5/26/2018,192.144.225.40
100,Sadie,Quilty,squilty2r@tuttocitta.it,7/29/2019,226.248.233.200
101,Melva,Egel,megel2s@utexas.edu,6/2/2020,198.22.1.154
102,Bale,Maun,bmaun2t@narod.ru,6/22/2021,194.66.29.237
103,Kevina,Iacoboni,kiacoboni2u@domainmarket.com,3/18/2020,109.160.230.136
104,Querida,Gyorffy,qgyorffy2v@mysql.com,12/24/2019,192.58.252.237
105,Rik,Iori,riori2w@weibo.com,2/15/2021,43.39.113.44
106,Ced,Retchford,cretchford2x@is.gd,1/26/2018,82.162.52.131
107,Conny,Lebarree,clebarree2y@usnews.com,6/21/2020,167.241.206.95
108,Celeste,Jackman,cjackman2z@dedecms.com,4/3/2018,159.21.243.92
109,Jeannine,Jenik,jjenik30@icio.us,5/21/2021,91.52.132.12
110,Base,Hubner,bhubner31@netscape.com,11/12/2017,40.15.4.83
111,Maude,Eastbury,meastbury32@forbes.com,4/18/2018,179.41.12.241
112,Doralin,Cheng,dcheng33@baidu.com,8/6/2018,107.169.91.62
113,Susana,Scutter,sscutter34@ibm.com,10/25/2018,183.39.74.79
114,Stevena,Gatehouse,sgatehouse35@wiley.com,7/20/2020,153.61.192.51
115,Arne,Seakin,aseakin36@networksolutions.com,10/24/2018,115.125.243.187
116,Waldo,Gehricke,wgehricke37@imageshack.us,12/6/2017,150.92.192.30
117,Wells,Draycott,wdraycott38@statcounter.com,9/21/2019,247.22.193.78
118,Ashley,Bound,abound39@youku.com,3/26/2019,8.91.77.51
119,Kiri,Purcell,kpurcell3a@reddit.com,1/10/2019,170.124.52.151
120,Isis,Redfern,iredfern3b@cam.ac.uk,2/17/2020,95.138.176.200
121,Merle,Ivison,mivison3c@cmu.edu,6/2/2021,151.144.145.86
122,Lacy,Featherstone,lfeatherstone3d@scribd.com,10/22/2019,25.182.33.239
123,Joete,Ledwitch,jledwitch3e@istockphoto.com,5/10/2020,141.177.132.7
124,Mikaela,Bullier,mbullier3f@exblog.jp,10/10/2020,194.221.184.151
125,Silvana,Wateridge,swateridge3g@unblog.fr,5/9/2019,159.32.20.185
126,Evie,Corde,ecorde3h@china.com.cn,9/7/2020,50.41.164.6
127,Alano,Owbrick,aowbrick3i@studiopress.com,7/23/2020,113.68.182.163
128,Katya,Kinnerley,kkinnerley3j@ft.com,12/30/2020,195.209.175.233
129,Raynell,Ringsell,rringsell3k@un.org,12/28/2019,131.18.249.221
130,Marthena,Morcombe,mmorcombe3l@w3.org,6/13/2018,189.203.157.188
131,Morgun,Trainer,mtrainer3m@salon.com,6/30/2019,226.143.151.16
132,Marcie,Suermeier,msuermeier3n@amazonaws.com,3/30/2019,86.190.65.144
133,Rickey,Everal,reveral3o@forbes.com,9/23/2019,157.122.96.148
134,Lindsey,Costellow,lcostellow3p@nature.com,2/13/2021,153.102.89.129
135,Melinda,MacAscaidh,mmacascaidh3q@walmart.com,4/30/2020,120.165.126.65
136,Drucy,Malinowski,dmalinowski3r@state.tx.us,10/26/2020,171.118.35.154
137,Catherin,Bartolomeazzi,cbartolomeazzi3s@friendfeed.com,1/21/2018,198.166.0.92
138,Dwight,Kopman,dkopman3t@bravesites.com,7/12/2021,37.186.157.164
139,Farly,Cridlan,fcridlan3u@patch.com,10/23/2018,161.234.170.100
140,Amalia,Brownsmith,abrownsmith3v@blogs.com,6/29/2018,59.67.124.25
141,Miof mela,Dorro,mdorro3w@auda.org.au,2/13/2018,189.146.222.170
142,Heidi,Grinikhinov,hgrinikhinov3x@imgur.com,2/6/2018,102.120.99.219
143,Morton,Lannon,mlannon3y@sfgate.com,10/4/2020,71.8.65.0
144,Norris,Izhak,nizhak3z@facebook.com,4/26/2018,162.84.93.238
145,Gaspar,Marl,gmarl40@va.gov,10/23/2019,17.137.124.189
146,Appolonia,Toothill,atoothill41@wordpress.com,12/24/2018,123.8.79.100
147,Charmaine,Paulsson,cpaulsson42@un.org,4/20/2019,80.85.99.58
148,Anabel,Berardt,aberardt43@macromedia.com,6/15/2021,27.143.152.198
149,Nadine,Charlin,ncharlin44@nyu.edu,5/26/2021,250.26.160.127
150,Lin,Fulkes,lfulkes45@symantec.com,11/28/2020,154.209.188.124
151,Alejandrina,Scotson,ascotson46@tripadvisor.com,6/3/2019,119.164.154.138
152,Tymothy,Kulver,tkulver47@ning.com,9/4/2018,142.134.230.69
153,Cthrine,Quirk,cquirk48@dropbox.com,12/31/2019,121.248.98.34
154,Bibbie,Detoc,bdetoc49@nature.com,1/25/2021,84.186.9.144
155,Marlyn,Isacke,misacke4a@123-reg.co.uk,2/5/2019,66.58.43.25
156,Gisella,Hugues,ghugues4b@furl.net,10/7/2018,71.214.76.90
157,Hilton,Arpur,harpur4c@wikia.com,12/4/2018,153.30.26.169
158,Janey,Seide,jseide4d@tiny.cc,12/8/2019,137.97.126.170
159,Corella,Daton,cdaton4e@theatlantic.com,12/15/2020,224.150.170.193
160,Alfi,Gasking,agasking4f@creativecommons.org,5/27/2020,138.112.233.191
161,Deedee,Knewstubb,dknewstubb4g@slideshare.net,1/8/2018,146.140.18.122
162,Niles,Cunnow,ncunnow4h@weather.com,4/6/2018,245.190.109.4
163,Tod,Rigardeau,trigardeau4i@dagondesign.com,6/6/2021,19.229.214.47
164,Roseanne,Stilly,rstilly4j@harvard.edu,11/18/2018,230.59.18.193
165,Rania,Isabell,risabell4k@examiner.com,4/27/2020,43.124.102.142
166,Spence,Rubenovic,srubenovic4l@ask.com,12/4/2018,248.19.133.15
167,Susann,Hansom,shansom4m@people.com.cn,2/22/2020,73.152.147.216
168,Rock,Emblen,remblen4n@addtoany.com,1/20/2019,77.223.72.64
169,Ailina,Thunnercliff,athunnercliff4o@java.com,7/26/2021,182.222.121.254
170,Jillana,Speachley,jspeachley4p@archive.org,2/4/2019,163.6.0.130
171,Agathe,Gonin,agonin4q@ustream.tv,8/29/2018,33.113.38.133
172,Missie,Dineges,mdineges4r@fc2.com,9/12/2020,207.217.162.216
173,Lindi,Hanratty,lhanratty4s@ca.gov,9/23/2019,12.135.79.233
174,Thorn,Bricham,tbricham4t@eventbrite.com,11/21/2019,14.181.186.53
175,Kimberley,Yeardley,kyeardley4u@ftc.gov,10/17/2020,114.83.143.207
176,Odo,Le Grice,olegrice4v@nps.gov,8/10/2018,9.142.240.225
177,Tiena,Benford,tbenford4w@sakura.ne.jp,4/30/2020,220.175.99.167
178,Tab,Vidgeon,tvidgeon4x@wunderground.com,4/13/2019,96.187.85.4
179,Charlotta,Corneil,ccorneil4y@rambler.ru,4/15/2018,157.56.87.21
180,Forrester,Simkiss,fsimkiss4z@diigo.com,4/3/2019,179.198.234.221
181,Agosto,Sowden,asowden50@ucoz.ru,2/24/2021,90.173.92.98
182,Florella,Montford,fmontford51@guardian.co.uk,7/25/2020,250.127.157.101
183,Pansy,Worsom,pworsom52@163.com,12/2/2017,89.73.1.143
184,Alexandre,Boner,aboner53@mapy.cz,11/16/2017,11.251.115.0
185,Van,Moretto,vmoretto54@cam.ac.uk,3/1/2021,106.146.209.238
186,Elinor,Scintsbury,escintsbury55@amazon.co.jp,2/2/2020,192.219.241.248
187,Dulce,Giametti,dgiametti56@alexa.com,5/5/2019,250.206.88.254
188,Geri,Leatherbarrow,gleatherbarrow57@cbsnews.com,1/24/2018,59.7.170.222
189,Druci,Van der Kruijs,dvanderkruijs58@tumblr.com,8/7/2018,12.200.112.0
190,Cello,Izatson,cizatson59@comcast.net,2/9/2021,95.33.91.191
191,Gardy,Prangley,gprangley5a@omniture.com,12/13/2019,253.228.174.216
192,Ozzy,Simoncelli,osimoncelli5b@bandcamp.com,9/2/2020,60.132.63.220
193,Jarrett,Batt,jbatt5c@over-blog.com,6/26/2020,30.194.200.14
194,Bjorn,Sibbs,bsibbs5d@businessweek.com,8/8/2019,3.197.98.90
195,Goldi,Haensel,ghaensel5e@buzzfeed.com,2/10/2019,128.96.116.71
196,Jessamyn,Bohlens,jbohlens5f@economist.com,10/25/2018,192.34.96.115
197,Joletta,Philippeaux,jphilippeaux5g@twitter.com,10/2/2018,6.74.245.202
198,Fritz,Bottinelli,fbottinelli5h@altervista.org,12/30/2019,9.202.67.164
199,Barclay,Manoelli,bmanoelli5i@odnoklassniki.ru,1/28/2021,223.67.8.106
200,Danit,MacFadin,dmacfadin5j@etsy.com,1/1/2020,1.245.31.34
201,Caspar,Proger,cproger5k@edublogs.org,4/24/2018,148.255.37.190
202,Kyle,Duckham,kduckham5l@dropbox.com,11/10/2017,93.38.153.3
203,Alley,Scamerdine,ascamerdine5m@wp.com,6/9/2019,77.18.134.188
204,Elinor,Hugues,ehugues5n@pbs.org,10/6/2020,251.202.117.153
205,Coraline,Nicholson,cnicholson5o@gnu.org,8/12/2018,28.31.29.134
206,Delora,Manthroppe,dmanthroppe5p@gravatar.com,11/20/2018,142.112.233.47
207,Janeczka,Cawsey,jcawsey5q@cnet.com,8/3/2020,174.7.50.245
208,Stefania,Pitkeathly,spitkeathly5r@theglobeandmail.com,10/18/2020,215.189.108.242
209,Perren,Denial,pdenial5s@xinhuanet.com,2/23/2019,50.3.74.60
210,Josefina,O' Hogan,johogan5t@deviantart.com,11/9/2019,5.156.233.170
211,Catina,Malby,cmalby5u@samsung.com,1/9/2019,86.117.119.189
212,Donnie,Hackney,dhackney5v@theglobeandmail.com,10/10/2018,45.161.12.230
213,Lindy,Bugbee,lbugbee5w@nyu.edu,9/4/2020,37.49.219.14
214,Oralee,Pharaoh,opharaoh5x@goo.ne.jp,5/26/2020,156.161.227.200
215,Briggs,Wooller,bwooller5y@usa.gov,10/17/2020,200.54.100.92
216,Orv,Dulake,odulake5z@zimbio.com,6/30/2020,6.35.123.126
217,Molli,Woolvett,mwoolvett60@reverbnation.com,2/22/2019,141.49.62.187
218,Eleen,MacKill,emackill61@google.cn,3/16/2020,223.0.83.214
219,Nikolaus,Redolfi,nredolfi62@a8.net,5/2/2019,147.161.59.13
220,Lyndell,Corrison,lcorrison63@vkontakte.ru,10/31/2018,237.191.46.54
221,Ashli,Dobrowolski,adobrowolski64@amazon.de,4/4/2019,112.139.28.253
222,Heda,Recher,hrecher65@quantcast.com,11/28/2017,239.121.59.0
223,Valentino,Ramble,vramble66@sfgate.com,2/9/2020,109.98.36.34
224,Cy,Stayt,cstayt67@shinystat.com,10/21/2020,167.169.44.241
225,Yance,Ivasyushkin,yivasyushkin68@arstechnica.com,8/1/2018,130.226.206.24
226,Armando,Fishburn,afishburn69@joomla.org,3/12/2021,120.241.0.101
227,Billy,Enion,benion6a@acquirethisname.com,10/24/2019,6.33.35.245
228,Dorothea,Huyhton,dhuyhton6b@whitehouse.gov,7/24/2021,194.4.114.50
229,Arch,Constantine,aconstantine6c@usatoday.com,11/26/2017,8.116.107.111
230,Hamnet,Fell,hfell6d@businessinsider.com,12/1/2019,161.22.195.102
231,Ester,MacAlpin,emacalpin6e@unblog.fr,4/4/2020,203.160.213.59
232,Hyacinthie,Heugel,hheugel6f@woothemes.com,7/3/2020,119.1.144.183
233,Dunc,Mattiello,dmattiello6g@fastcompany.com,11/20/2018,95.187.209.159
234,Lem,McNea,lmcnea6h@google.it,6/21/2021,57.98.115.179
235,Georgine,Jeannet,gjeannet6i@addthis.com,8/31/2020,12.189.220.90
236,Nisse,Bromidge,nbromidge6j@redcross.org,1/28/2019,73.70.4.246
237,Lenore,Daelman,ldaelman6k@yahoo.com,4/11/2019,58.62.222.79
238,Carole,MacClure,cmacclure6l@ihg.com,11/14/2019,1.248.27.25
239,Terrye,Robarts,trobarts6m@nhs.uk,8/11/2018,65.96.155.254
240,Salvidor,Heavyside,sheavyside6n@wufoo.com,2/15/2018,9.64.47.123
241,Roxana,McAlroy,rmcalroy6o@bigcartel.com,11/28/2018,227.255.180.5
242,Etta,Sleford,esleford6p@marketwatch.com,3/13/2020,128.207.234.156
243,Malena,Johnston,mjohnston6q@dedecms.com,11/14/2018,120.233.243.61
244,Rochell,Rutty,rrutty6r@umn.edu,3/26/2018,91.12.11.46
245,Miquela,O' Faherty,mofaherty6s@aol.com,12/25/2020,248.223.244.155
246,Kerrin,Davall,kdavall6t@hud.gov,10/26/2020,65.238.3.34
247,Boniface,Cottie,bcottie6u@goo.ne.jp,5/11/2021,201.34.170.175
248,Zilvia,Griggs,zgriggs6v@hostgator.com,1/23/2020,146.217.193.138
249,Ashlie,Scotsbrook,ascotsbrook6w@wordpress.org,7/9/2018,153.135.155.204
250,Jay,Mariel,jmariel6x@salon.com,3/28/2020,134.126.85.235
251,Leslie,Hallas,lhallas6y@deliciousdays.com,11/10/2018,228.74.133.62
252,Eleonora,Agget,eagget6z@hc360.com,9/11/2019,192.12.116.179
253,Alf,Dinsmore,adinsmore70@house.gov,4/1/2019,98.66.182.172
254,Alli,Gornar,agornar71@ihg.com,4/14/2020,22.182.95.248
255,Consalve,Raspison,craspison72@etsy.com,7/13/2021,17.203.244.75
256,Kimmie,Salatino,ksalatino73@cpanel.net,8/7/2019,205.221.197.231
257,Aviva,Rae,arae74@tinyurl.com,5/30/2018,164.207.91.48
258,Lutero,Dewdney,ldewdney75@aboutads.info,9/18/2020,234.70.223.34
259,Myrtle,Dennick,mdennick76@state.tx.us,5/17/2020,113.102.192.141
260,Amitie,Varnals,avarnals77@guardian.co.uk,1/17/2019,92.137.130.126
261,Jaine,St. Leger,jstleger78@over-blog.com,11/16/2020,241.179.131.160
262,Nahum,Bowness,nbowness79@jalbum.net,11/26/2017,52.130.80.208
263,Joey,Gettins,jgettins7a@360.cn,8/16/2019,154.30.61.47
264,Leeann,Duesbury,lduesbury7b@delicious.com,6/1/2021,106.31.102.107
265,Dunstan,Winchcum,dwinchcum7c@acquirethisname.com,9/3/2020,241.3.22.40
266,Mada,Curbishley,mcurbishley7d@pinterest.com,1/19/2020,238.149.243.56
267,Ave,Beavon,abeavon7e@tinypic.com,4/12/2021,91.167.35.17
268,Ameline,Kestell,akestell7f@reference.com,4/6/2018,167.250.197.76
269,Joyce,Mateescu,jmateescu7g@google.it,7/20/2021,246.178.82.145
270,Elita,Garbutt,egarbutt7h@sciencedirect.com,8/17/2019,68.219.225.212
271,Janice,Torry,jtorry7i@amazon.com,11/20/2019,133.54.245.224
272,Alexine,Aggus,aaggus7j@tiny.cc,2/1/2021,133.146.166.71
273,Lavinie,Kirman,lkirman7k@addthis.com,12/12/2020,89.5.165.54
274,Brew,deKnevet,bdeknevet7l@liveinternet.ru,4/26/2020,208.103.52.107
275,Leif,Barehead,lbarehead7m@4shared.com,2/27/2021,234.245.113.45
276,Torry,Noel,tnoel7n@accuweather.com,4/28/2019,44.55.159.117
277,Meggy,Sayward,msayward7o@pinterest.com,6/17/2018,249.215.165.83
278,Stacy,Eakle,seakle7p@admin.ch,5/14/2020,138.234.162.182
279,Nathanial,Josum,njosum7q@pen.io,12/28/2018,57.220.142.248
280,Almire,Van der Brug,avanderbrug7r@ehow.com,12/15/2018,149.194.90.161
281,Torey,Pinwill,tpinwill7s@digg.com,12/12/2018,92.206.105.43
282,Colver,Wabe,cwabe7t@zdnet.com,1/17/2020,16.10.64.143
283,Danie,Minshall,dminshall7u@marriott.com,12/15/2018,10.159.182.184
284,Hesther,Mott,hmott7v@elegantthemes.com,8/25/2018,6.78.43.76
285,Dag,Russel,drussel7w@harvard.edu,9/2/2020,98.242.2.226
286,Kassia,Zanini,kzanini7x@vinaora.com,12/5/2018,207.119.158.222
287,Gavra,Barber,gbarber7y@hp.com,5/12/2019,215.161.176.99
288,Amargo,McGairl,amcgairl7z@vinaora.com,1/20/2019,222.82.41.150
289,Gordy,Cockshoot,gcockshoot80@cloudflare.com,12/21/2019,186.101.190.149
290,Marcelle,Nanson,mnanson81@archive.org,7/21/2018,253.223.60.240
291,Helge,Barkshire,hbarkshire82@abc.net.au,4/7/2018,154.9.4.252
292,Leola,Huyche,lhuyche83@google.it,3/30/2018,116.44.0.107
293,Holly-anne,Tidman,htidman84@artisteer.com,12/14/2019,162.107.87.190
294,Alphard,Fotheringham,afotheringham85@zdnet.com,8/24/2020,223.220.193.48
295,Reinold,Davenhall,rdavenhall86@privacy.gov.au,4/30/2019,51.47.165.224
296,Shae,Vousden,svousden87@mashable.com,12/28/2018,228.111.57.202
297,Vinson,Haskell,vhaskell88@mtv.com,4/16/2018,205.161.45.218
298,Ulrich,Sager,usager89@google.ru,6/17/2019,94.222.42.82
299,Dot,Neller,dneller8a@cisco.com,10/7/2018,50.112.138.236
300,Erskine,Wansbury,ewansbury8b@google.com.hk,4/27/2019,93.104.17.92
301,Lonee,Spirit,lspirit8c@mayoclinic.com,2/28/2021,28.169.125.175
302,Nathanil,Eastham,neastham8d@twitpic.com,2/23/2018,74.85.85.211
303,Betti,Llorente,bllorente8e@china.com.cn,11/19/2019,142.213.25.211
304,Kelsy,Conibere,kconibere8f@mayoclinic.com,8/1/2020,16.180.183.251
305,Killy,Unitt,kunitt8g@goo.gl,3/10/2019,54.93.74.140
306,Burtie,Kitchenman,bkitchenman8h@wiley.com,8/3/2018,83.82.78.137
307,Yolanthe,Edlyne,yedlyne8i@earthlink.net,2/23/2019,93.139.187.132
308,Karla,Winslett,kwinslett8j@istockphoto.com,5/1/2018,19.149.223.220
309,Coralie,Flintoffe,cflintoffe8k@elpais.com,2/12/2020,91.115.144.185
310,Winny,McMillam,wmcmillam8l@salon.com,3/7/2018,117.169.39.35
311,Giffard,Narrie,gnarrie8m@youtube.com,9/28/2018,171.95.184.221
312,Minnaminnie,Duckfield,mduckfield8n@scribd.com,4/9/2021,152.134.69.11
313,Channa,Eick,ceick8o@nymag.com,1/30/2018,229.90.254.247
314,Edin,McGaugan,emcgaugan8p@businessweek.com,1/6/2020,75.50.112.221
315,Issiah,Snailham,isnailham8q@list-manage.com,12/14/2017,40.81.101.149
316,Zeb,McIndoe,zmcindoe8r@google.fr,4/13/2019,18.251.19.163
317,Earl,Assaf,eassaf8s@engadget.com,4/4/2019,193.210.220.152
318,Monah,Gronaller,mgronaller8t@jugem.jp,11/2/2020,134.245.150.200
319,Shaun,Conduit,sconduit8u@tripadvisor.com,7/13/2021,223.204.146.181
320,Germaine,Dolton,gdolton8v@sourceforge.net,9/24/2018,1.28.227.250
321,Jewel,Stairs,jstairs8w@biglobe.ne.jp,12/24/2020,30.144.33.28
322,Otha,Baybutt,obaybutt8x@usa.gov,7/9/2021,117.67.103.116
323,Noami,Thurlbourne,nthurlbourne8y@ocn.ne.jp,3/23/2021,91.211.69.161
324,Karol,Maiklem,kmaiklem8z@unesco.org,12/13/2017,91.167.73.9
325,Gran,Cozzi,gcozzi90@bing.com,10/16/2018,35.255.255.87
326,Dunstan,Row,drow91@furl.net,2/4/2021,202.248.249.91
327,Steffen,Papen,spapen92@blinklist.com,9/30/2018,181.120.228.54
328,Aube,Sedgemond,asedgemond93@pen.io,10/21/2020,77.28.207.78
329,Nikolos,Hopewell,nhopewell94@hp.com,10/25/2020,50.29.168.39
330,Chadwick,Peek,cpeek95@mayoclinic.com,7/17/2021,40.78.242.35
331,Giorgia,Edinborough,gedinborough96@vistaprint.com,12/26/2019,181.238.221.44
332,Ernest,Smardon,esmardon97@mapquest.com,9/17/2019,47.33.56.202
333,Bailey,Darrow,bdarrow98@europa.eu,10/18/2018,30.126.248.124
334,Winifred,Neighbour,wneighbour99@bizjournals.com,2/28/2019,168.49.239.65
335,Uriel,Gellett,ugellett9a@nasa.gov,11/16/2019,183.155.116.22
336,Ky,Clamp,kclamp9b@ustream.tv,6/10/2021,2.95.205.241
337,Berrie,Staves,bstaves9c@ameblo.jp,3/20/2021,66.174.98.78
338,Tyrus,Handscombe,thandscombe9d@scribd.com,3/17/2021,197.78.79.24
339,Koral,Duchan,kduchan9e@ebay.co.uk,7/30/2020,225.7.153.87
340,Stefa,Thewlis,sthewlis9f@bloglines.com,5/16/2019,63.16.101.253
341,Emmett,Iddiens,eiddiens9g@ameblo.jp,2/6/2019,37.178.213.241
342,Austen,Eastam,aeastam9h@engadget.com,3/11/2019,28.250.56.211
343,Rube,Longforth,rlongforth9i@paypal.com,7/29/2018,201.227.246.160
344,Yehudi,Teece,yteece9j@yahoo.com,8/30/2019,35.39.254.125
345,Levi,Waterfall,lwaterfall9k@sakura.ne.jp,11/21/2019,190.95.50.234
346,Shaughn,Killby,skillby9l@google.co.jp,8/10/2018,18.75.159.214
347,Pauline,Andersen,pandersen9m@live.com,4/16/2021,78.235.129.167
348,Nancie,Commin,ncommin9n@craigslist.org,6/19/2020,204.69.98.164
349,Angil,Yitzhakov,ayitzhakov9o@nsw.gov.au,11/23/2018,149.177.10.234
350,Phoebe,Robken,probken9p@geocities.jp,5/23/2018,203.6.52.146
351,Deane,Gerb,dgerb9q@themeforest.net,1/28/2021,196.82.213.205
352,Clotilda,Boldock,cboldock9r@weebly.com,12/21/2019,196.34.1.245
353,Edlin,Charleston,echarleston9s@harvard.edu,12/11/2017,26.35.242.253
354,Maureene,Fairs,mfairs9t@php.net,6/21/2019,185.128.213.43
355,Jemimah,Scard,jscard9u@domainmarket.com,6/15/2019,146.106.228.176
356,Rod,Pelz,rpelz9v@oaic.gov.au,7/23/2019,41.115.171.182
357,Elton,Torrijos,etorrijos9w@rakuten.co.jp,5/17/2020,136.220.227.186
358,Conant,Carlyon,ccarlyon9x@theglobeandmail.com,11/20/2020,160.52.39.3
359,Shelden,Durdle,sdurdle9y@amazon.co.uk,8/9/2018,109.150.124.115
360,Oralle,Camfield,ocamfield9z@google.it,10/27/2020,6.117.95.122
361,Genny,Ridgeway,gridgewaya0@booking.com,1/6/2020,195.133.151.59
362,Jacqueline,Shambrooke,jshambrookea1@redcross.org,8/10/2018,165.198.171.169
363,Daveen,Pote,dpotea2@nytimes.com,4/19/2019,178.128.242.229
364,Bren,Gooder,bgoodera3@sakura.ne.jp,8/19/2019,112.224.50.41
365,Lesley,Huygen,lhuygena4@hugedomains.com,12/3/2020,151.137.39.24
366,Noland,Doore,ndoorea5@ow.ly,11/12/2018,57.157.0.194
367,Maddalena,Leipoldt,mleipoldta6@tinypic.com,7/3/2021,56.29.32.243
368,Claudianus,Brager,cbragera7@nydailynews.com,6/19/2020,193.151.244.83
369,Deonne,McCart,dmccarta8@gravatar.com,11/4/2017,124.157.49.119
370,Frasquito,Blindt,fblindta9@ted.com,11/22/2020,52.118.1.192
371,Prudi,Strethill,pstrethillaa@topsy.com,6/12/2020,238.154.134.138
372,Portie,Barbara,pbarbaraab@spotify.com,5/5/2020,138.75.65.87
373,Hanan,Romanin,hromaninac@1und1.de,11/29/2017,206.179.241.48
374,Tammy,Chatelet,tchateletad@histats.com,9/15/2018,163.1.237.29
375,Krissie,Whannel,kwhannelae@washingtonpost.com,9/27/2018,177.85.32.105
376,Miles,Chong,mchongaf@eventbrite.com,2/28/2018,139.182.238.29
377,Adena,Haslegrave,ahaslegraveag@about.me,8/26/2019,56.72.82.147
378,Angelo,von Hagt,avonhagtah@alexa.com,4/6/2019,53.187.232.122
379,Trever,Wooton,twootonai@livejournal.com,5/3/2018,243.175.236.98
380,Rutherford,Orrett,rorrettaj@oakley.com,4/5/2020,189.212.19.186
381,Kira,MacVean,kmacveanak@unicef.org,11/22/2020,106.14.99.92
382,Garrik,Gunther,gguntheral@hud.gov,11/9/2020,118.24.202.9
383,Laural,Beadel,lbeadelam@rediff.com,1/3/2021,7.115.180.17
384,Adriena,Raiman,araimanan@moonfruit.com,12/2/2020,37.2.203.163
385,Mercie,Peasby,mpeasbyao@jugem.jp,6/4/2019,223.183.141.8
386,Trish,Neill,tneillap@npr.org,12/28/2017,244.246.117.13
387,Berry,Rubinsztein,brubinszteinaq@nasa.gov,5/3/2021,232.152.161.165
388,Averill,Baggaley,abaggaleyar@bluehost.com,1/30/2021,215.188.226.119
389,Nixie,Weekley,nweekleyas@princeton.edu,8/20/2018,219.11.243.176
390,Eugenius,Arnoldi,earnoldiat@smh.com.au,10/11/2018,183.89.109.129
391,Jehu,Sales,jsalesau@goodreads.com,9/3/2020,139.134.226.26
392,Debee,Wimmers,dwimmersav@sfgate.com,11/25/2019,53.202.31.112
393,Daffi,Mc Carroll,dmccarrollaw@discovery.com,10/20/2018,83.255.173.204
394,Barbee,Hamerton,bhamertonax@g.co,5/25/2019,17.121.44.68
395,Ruthi,Linfitt,rlinfittay@redcross.org,11/16/2018,126.148.109.255
396,Dorine,Boullin,dboullinaz@posterous.com,5/29/2021,28.37.157.248
397,Ivonne,O'Deoran,iodeoranb0@admin.ch,12/3/2018,242.20.178.69
398,Sandye,Escoffrey,sescoffreyb1@ask.com,4/13/2021,204.197.82.147
399,Jemmie,Gingle,jgingleb2@jigsy.com,3/27/2018,179.88.194.114
400,Roland,Carsberg,rcarsbergb3@cnet.com,4/13/2021,113.183.111.118
401,Dorelle,Cyples,dcyplesb4@patch.com,5/11/2020,242.60.117.240
402,Lennard,Rebillard,lrebillardb5@msu.edu,4/18/2019,33.215.81.197
403,Hyatt,MacGebenay,hmacgebenayb6@pagesperso-orange.fr,6/28/2020,99.14.35.198
404,Mallissa,Devericks,mdevericksb7@who.int,2/13/2018,218.161.1.135
405,Katti,O'Donegan,kodoneganb8@amazon.com,3/29/2020,132.26.68.150
406,Terencio,MacInerney,tmacinerneyb9@accuweather.com,9/11/2020,35.169.87.141
407,Cross,Whitham,cwhithamba@telegraph.co.uk,2/9/2020,9.214.198.244
408,Chelsae,Kearey,ckeareybb@forbes.com,7/12/2018,166.203.241.187
409,Fredra,Chittock,fchittockbc@topsy.com,6/7/2019,189.186.81.79
410,Florance,Costi,fcostibd@reuters.com,3/15/2020,72.171.95.207
411,Lilas,Ajam,lajambe@typepad.com,8/23/2018,74.107.117.5
412,Munmro,Jephson,mjephsonbf@unblog.fr,4/28/2018,49.21.204.141
413,Flss,Ditzel,fditzelbg@photobucket.com,5/13/2018,18.52.206.214
414,Sosanna,Stebbin,sstebbinbh@twitter.com,6/18/2019,179.61.184.71
415,Lorry,Barstow,lbarstowbi@reuters.com,11/13/2020,140.169.210.223
416,Harris,Janos,hjanosbj@blogger.com,6/12/2018,186.176.14.9
417,Emmerich,Gimblett,egimblettbk@ning.com,6/28/2018,141.176.71.86
418,Suzanne,Alekseev,salekseevbl@cdc.gov,11/24/2019,182.169.104.74
419,Camille,Houseago,chouseagobm@admin.ch,7/12/2018,2.81.84.27
420,Shayne,Dudman,sdudmanbn@apache.org,3/12/2020,81.127.235.36
421,Lia,Chicco,lchiccobo@usgs.gov,5/30/2021,79.105.9.52
422,Eyde,O'Kinneally,eokinneallybp@nyu.edu,1/29/2021,164.150.13.146
423,Trumann,Rogerson,trogersonbq@exblog.jp,12/24/2018,113.99.130.56
424,Ursa,Swatheridge,uswatheridgebr@stumbleupon.com,3/3/2018,47.74.241.58
425,Jeanine,Cunniam,jcunniambs@github.io,8/11/2019,105.229.2.144
426,Cate,Lunck,clunckbt@examiner.com,4/21/2018,202.141.20.88
427,Kelcy,Najera,knajerabu@barnesandnoble.com,1/9/2021,232.36.140.73
428,Susanetta,Heinle,sheinlebv@parallels.com,11/1/2017,185.232.212.154
429,Toddy,Barnewall,tbarnewallbw@vimeo.com,10/18/2018,210.31.44.189
430,Ki,Marien,kmarienbx@live.com,3/30/2020,110.35.129.244
431,Virgina,Cromie,vcromieby@miibeian.gov.cn,10/12/2020,152.210.61.72
432,Broderick,Casado,bcasadobz@apple.com,11/6/2018,242.238.134.73
433,Thelma,Kenward,tkenwardc0@51.la,3/6/2021,36.45.131.135
434,Eydie,Dowdell,edowdellc1@wordpress.org,7/20/2019,119.114.50.112
435,Kacey,Babbidge,kbabbidgec2@scribd.com,4/11/2019,198.60.198.208
436,Avivah,Down,adownc3@i2i.jp,5/7/2021,195.25.240.144
437,Helsa,Barrat,hbarratc4@ucoz.com,11/7/2019,153.39.81.55
438,Birdie,Dipple,bdipplec5@cdbaby.com,4/22/2018,253.93.103.116
439,Giordano,Neubigging,gneubiggingc6@blogspot.com,7/9/2018,31.112.135.49
440,Krystalle,MacElharge,kmacelhargec7@discuz.net,10/22/2019,55.76.86.72
441,Ulberto,Maria,umariac8@thetimes.co.uk,3/31/2019,201.209.22.40
442,Saloma,Powland,spowlandc9@multiply.com,6/20/2018,145.130.246.117
443,Shanan,Slimming,sslimmingca@epa.gov,3/26/2018,7.104.0.254
444,Cathee,Kasher,ckashercb@cdbaby.com,12/3/2020,174.61.241.0
445,Margaretta,Balcombe,mbalcombecc@hubpages.com,3/27/2018,201.161.183.156
446,Wilfrid,Taggerty,wtaggertycd@odnoklassniki.ru,11/5/2018,188.174.235.176
447,Butch,Brotherwood,bbrotherwoodce@narod.ru,11/22/2018,159.49.221.232
448,Ray,Wixon,rwixoncf@dedecms.com,10/18/2020,166.191.141.249
449,Sher,Brine,sbrinecg@spiegel.de,6/2/2019,85.58.144.29
450,Fanny,Eden,fedench@alibaba.com,12/23/2020,63.232.152.236
451,Erna,Manilo,emaniloci@java.com,5/1/2018,100.48.126.170
452,Burk,Baleine,bbaleinecj@house.gov,6/4/2019,62.85.192.155
453,Emyle,Pimbley,epimbleyck@google.it,8/4/2020,155.35.36.211
454,Winni,Janes,wjanescl@creativecommons.org,6/1/2021,175.1.30.87
455,Cherish,Kemmish,ckemmishcm@constantcontact.com,6/17/2021,25.76.15.240
456,Max,Shercliff,mshercliffcn@amazon.co.uk,6/25/2019,3.46.23.18
457,Austina,Handrahan,ahandrahanco@usatoday.com,6/11/2018,9.70.135.27
458,Phillis,Yele,pyelecp@infoseek.co.jp,9/4/2019,84.15.112.19
459,Celine,Cardnell,ccardnellcq@businessinsider.com,5/20/2019,69.2.34.0
460,Thurston,Clemmen,tclemmencr@hud.gov,7/29/2020,58.31.121.81
461,Nicoli,Camelin,ncamelincs@homestead.com,5/3/2018,45.134.128.111
462,Flossie,Marns,fmarnsct@hatena.ne.jp,6/3/2020,242.163.34.220
463,Pennie,Wims,pwimscu@spotify.com,11/22/2019,56.26.74.139
464,Elsy,Goldby,egoldbycv@list-manage.com,1/20/2018,222.7.238.170
465,Holt,Pawlick,hpawlickcw@ucoz.ru,3/2/2021,186.208.176.179
466,Marjory,Cassam,mcassamcx@bravesites.com,8/4/2020,166.67.144.166
467,Garvey,Hyde,ghydecy@yellowpages.com,8/13/2018,200.188.93.12
468,Evita,Dumbrall,edumbrallcz@huffingtonpost.com,4/9/2021,114.64.43.253
469,Bastien,Tummond,btummondd0@jalbum.net,8/17/2018,115.190.208.53
470,Elli,Tudbald,etudbaldd1@businessweek.com,6/17/2018,213.188.4.218
471,Caresse,Chaman,cchamand2@washington.edu,12/4/2018,53.130.188.141
472,Inge,Dubose,idubosed3@amazon.co.jp,8/4/2020,202.16.125.116
473,Zeke,Cleft,zcleftd4@tripod.com,1/30/2019,100.232.118.74
474,Herschel,Carverhill,hcarverhilld5@alexa.com,3/3/2018,114.54.253.185
475,Maddy,Poon,mpoond6@joomla.org,3/5/2020,43.106.162.121
476,Estrellita,Cowndley,ecowndleyd7@examiner.com,7/15/2019,116.172.66.28
477,Lida,Bastin,lbastind8@irs.gov,1/7/2019,65.253.73.239
478,Chrystel,Amner,camnerd9@time.com,3/16/2018,71.163.251.134
479,Rina,Littleproud,rlittleproudda@geocities.com,12/3/2019,97.104.103.127
480,Adrianna,Smickle,asmickledb@rambler.ru,12/17/2017,40.221.138.210
481,Daven,Dugald,ddugalddc@unesco.org,12/2/2017,229.144.165.194
482,Cynde,Stephens,cstephensdd@google.co.jp,8/6/2018,37.246.130.169
483,Yancey,Muldownie,ymuldowniede@ft.com,10/11/2018,255.212.118.111
484,Xever,Tourville,xtourvilledf@dot.gov,6/1/2018,124.79.185.58
485,Grange,Deverille,gdeverilledg@youtu.be,2/23/2020,157.29.237.215
486,Leoline,O'Kinneally,lokinneallydh@princeton.edu,11/3/2019,128.66.76.160
487,Pyotr,Davidsen,pdavidsendi@rakuten.co.jp,3/20/2021,176.177.251.249
488,Taite,Maldin,tmaldindj@foxnews.com,2/18/2020,49.46.43.238
489,Angil,Jessopp,ajessoppdk@163.com,4/19/2020,17.181.131.184
490,Dee,Stroud,dstrouddl@ucoz.ru,4/11/2019,62.107.119.2
491,Decca,Foakes,dfoakesdm@angelfire.com,12/29/2020,137.233.65.47
492,Emmalyn,Wintringham,ewintringhamdn@edublogs.org,2/21/2021,36.252.104.173
493,Leslie,Berthon,lberthondo@archive.org,2/1/2021,164.254.67.213
494,Gina,Bateup,gbateupdp@ftc.gov,12/31/2018,180.143.48.158
495,Emmalynn,Winham,ewinhamdq@statcounter.com,8/30/2018,51.229.225.163
496,Kimmie,Bramo,kbramodr@oakley.com,8/10/2019,25.62.166.213
497,Gerhardine,Hamley,ghamleyds@webnode.com,8/20/2020,208.210.24.13
498,Yehudit,Gratrex,ygratrexdt@etsy.com,8/3/2018,67.83.243.228
499,Ardine,Lyburn,alyburndu@google.ca,5/9/2021,217.59.130.192
500,Lani,Rentoll,lrentolldv@dailymotion.com,2/14/2018,112.131.185.242
501,Adolphus,Lindblad,alindbladdw@mit.edu,2/8/2020,202.107.11.116
502,Correna,Miles,cmilesdx@posterous.com,3/24/2018,39.186.157.195
503,Jess,Klimkiewich,jklimkiewichdy@cdc.gov,6/5/2021,216.58.80.35
504,Shirlee,Robinett,srobinettdz@sciencedirect.com,8/13/2018,108.194.86.35
505,Israel,Maben,imabene0@youku.com,10/14/2018,22.141.23.202
506,Helaina,Bunston,hbunstone1@liveinternet.ru,9/26/2020,21.21.40.169
507,Elliott,Adcocks,eadcockse2@ning.com,9/9/2020,224.153.123.65
508,Ciro,Mille,cmillee3@parallels.com,11/8/2018,226.221.45.58
509,Luther,Sheaf,lsheafe4@nytimes.com,7/13/2019,116.60.72.172
510,Hurlee,Everleigh,heverleighe5@sun.com,11/6/2018,137.53.169.168
511,Katerine,Beurich,kbeuriche6@netlog.com,5/19/2019,87.53.249.19
512,Alix,Stratford,astratforde7@businesswire.com,8/14/2018,212.92.45.12
513,Aridatha,Longstaffe,alongstaffee8@ustream.tv,6/13/2019,7.96.67.35
514,Leela,Godrich,lgodriche9@slideshare.net,3/9/2019,157.221.27.9
515,Morrie,Emmines,memminesea@uol.com.br,4/13/2018,20.164.119.159
516,Leann,Woakes,lwoakeseb@webeden.co.uk,2/16/2019,87.125.188.100
517,Fania,O' Gara,fogaraec@deliciousdays.com,1/12/2020,204.199.251.189
518,Skipper,Lundy,slundyed@discovery.com,5/11/2019,183.103.50.83
519,Nels,Mumby,nmumbyee@pen.io,2/3/2018,252.68.250.241
520,Kally,Painten,kpaintenef@vk.com,11/21/2017,55.1.85.47
521,Ashleigh,Rosita,arositaeg@bandcamp.com,6/27/2020,102.183.14.51
522,Eydie,Winchurch,ewinchurcheh@howstuffworks.com,5/11/2021,240.193.196.106
523,Andy,O'Dunneen,aodunneenei@redcross.org,5/3/2021,124.67.203.221
524,Carr,Hawkridge,chawkridgeej@qq.com,11/11/2019,101.234.50.148
525,Gale,Guthrie,gguthrieek@senate.gov,5/11/2019,89.82.190.110
526,Charmian,Moston,cmostonel@springer.com,12/20/2018,157.63.231.33
527,Catlaina,Kubes,ckubesem@sakura.ne.jp,5/25/2021,168.22.38.89
528,Rheba,Petrelli,rpetrellien@ameblo.jp,2/10/2020,16.248.204.102
529,Lilllie,Tookill,ltookilleo@reverbnation.com,4/14/2018,226.115.246.204
530,Griffin,Dalrymple,gdalrympleep@time.com,12/31/2020,57.74.115.189
531,Laurence,Alden,laldeneq@photobucket.com,10/10/2018,98.115.231.205
532,Ade,Janssens,ajanssenser@mlb.com,2/10/2018,230.205.231.116
533,Morganne,Poundsford,mpoundsfordes@weebly.com,11/30/2018,216.111.239.128
534,Libbi,Filkov,lfilkovet@goo.ne.jp,12/13/2019,76.68.1.139
535,David,McSporon,dmcsporoneu@dell.com,5/19/2019,67.140.230.99
536,Pat,Klossmann,pklossmannev@reuters.com,5/6/2020,227.107.192.59
537,Nona,Amdohr,namdohrew@moonfruit.com,2/14/2020,236.197.113.40
538,Bella,Saturley,bsaturleyex@hatena.ne.jp,10/4/2019,207.176.97.156
539,Marrissa,Arrow,marrowey@rediff.com,6/13/2019,233.59.188.142
540,Fae,Pinnigar,fpinnigarez@youku.com,4/13/2020,80.123.230.234
541,Dorothee,Keoghan,dkeoghanf0@businesswire.com,4/5/2021,243.124.73.209
542,Kath,Thirst,kthirstf1@sohu.com,5/9/2020,202.125.234.122
543,Mirilla,McGowan,mmcgowanf2@examiner.com,11/21/2017,129.212.229.200
544,Jacinta,Gutridge,jgutridgef3@naver.com,12/17/2020,227.181.248.219
545,Nerissa,Pleming,nplemingf4@rakuten.co.jp,10/21/2018,36.77.254.167
546,Piggy,Valasek,pvalasekf5@salon.com,12/5/2020,234.87.28.217
547,Hinze,Scading,hscadingf6@icq.com,10/28/2019,157.158.178.17
548,Hagen,Laboune,hlabounef7@hibu.com,1/12/2018,245.39.56.235
549,Lotti,Chubb,lchubbf8@bloglovin.com,9/11/2020,92.46.135.195
550,Rodger,Howick,rhowickf9@spotify.com,2/24/2019,41.153.99.176
551,Kala,McArdle,kmcardlefa@reference.com,1/10/2020,76.78.172.231
552,Saudra,Richens,srichensfb@elpais.com,8/2/2020,234.159.3.245
553,Hertha,Borkin,hborkinfc@youtube.com,4/26/2021,7.204.25.23
554,Tildie,Scanlan,tscanlanfd@wikipedia.org,7/20/2020,241.92.139.100
555,Em,Pennone,epennonefe@aboutads.info,4/1/2019,34.29.112.177
556,Man,Tadd,mtaddff@vkontakte.ru,3/19/2021,111.66.248.126
557,Fee,Delf,fdelffg@reuters.com,9/24/2019,216.82.213.110
558,Fabian,D'Onise,fdonisefh@youku.com,2/21/2019,140.151.168.13
559,Oran,Scutchin,oscutchinfi@prweb.com,12/16/2020,164.145.161.75
560,Emmy,McElwee,emcelweefj@devhub.com,4/3/2018,197.109.177.56
561,Stillman,Trahearn,strahearnfk@behance.net,11/22/2019,37.9.141.197
562,Erv,Gascoyne,egascoynefl@wordpress.com,6/27/2018,242.38.41.171
563,Cindelyn,Ransbury,cransburyfm@paginegialle.it,7/17/2020,15.10.131.80
564,Cary,Pecey,cpeceyfn@mashable.com,11/30/2017,235.42.190.7
565,Berkly,Daft,bdaftfo@japanpost.jp,1/27/2019,224.183.249.36
566,Martguerita,Roseaman,mroseamanfp@comsenz.com,10/27/2019,57.104.163.218
567,Cassie,Rosenblad,crosenbladfq@eventbrite.com,6/7/2018,132.193.41.0
568,Bradan,Ferrea,bferreafr@blog.com,4/1/2021,11.49.222.103
569,Rik,Beaulieu,rbeaulieufs@xinhuanet.com,12/1/2018,107.18.203.147
570,Gretchen,Perschke,gperschkeft@shinystat.com,7/20/2021,215.153.93.40
571,Datha,Wise,dwisefu@pagesperso-orange.fr,3/22/2018,95.50.190.40
572,Walther,Dibdale,wdibdalefv@i2i.jp,10/27/2019,42.26.141.219
573,Killie,Levinge,klevingefw@sun.com,8/18/2019,59.181.126.254
574,Shannah,Rumke,srumkefx@mayoclinic.com,10/31/2019,43.145.153.156
575,Tremain,Richarz,tricharzfy@nytimes.com,9/3/2020,129.152.4.228
576,Harrison,Scotson,hscotsonfz@wp.com,12/24/2018,182.176.197.22
577,Ilyse,Waterstone,iwaterstoneg0@usa.gov,5/3/2018,86.193.46.228
578,Dominic,McNeish,dmcneishg1@usgs.gov,6/1/2018,239.65.84.152
579,Carleton,Sacher,csacherg2@indiatimes.com,1/29/2018,97.179.79.197
580,Gabriele,Dolle,gdolleg3@123-reg.co.uk,4/16/2018,198.23.170.61
581,Misha,Herreran,mherrerang4@guardian.co.uk,11/24/2017,186.166.32.161
582,Lianne,Giuron,lgiurong5@squidoo.com,2/27/2020,167.147.231.203
583,Damiano,Kleanthous,dkleanthousg6@webnode.com,11/5/2020,9.205.75.167
584,Charyl,Hickeringill,chickeringillg7@instagram.com,5/7/2019,232.126.17.12
585,Roxana,Ghidetti,rghidettig8@cbsnews.com,3/29/2019,125.172.92.148
586,Anetta,Flack,aflackg9@engadget.com,5/12/2019,166.179.64.110
587,Demetrius,Allender,dallenderga@lycos.com,5/23/2019,145.164.18.83
588,Tiertza,Cutler,tcutlergb@arstechnica.com,1/6/2019,37.8.44.121
589,Shanie,Nottle,snottlegc@businesswire.com,2/15/2020,245.142.240.206
590,Ardys,Schollar,aschollargd@about.com,4/26/2018,148.114.148.71
591,Carolee,Gavahan,cgavahange@tinyurl.com,5/11/2020,51.215.106.123
592,Jamey,Fabry,jfabrygf@symantec.com,4/2/2018,34.128.56.164
593,Marja,Hanford,mhanfordgg@artisteer.com,4/10/2020,97.58.119.227
594,Daryl,Ghost,dghostgh@twitter.com,7/23/2021,64.7.56.136
595,Edward,Mitchinson,emitchinsongi@github.io,12/13/2018,102.116.94.118
596,Hughie,Sandlin,hsandlingj@ucoz.ru,1/26/2021,218.246.159.223
597,Phylis,Hrycek,phrycekgk@parallels.com,7/31/2019,95.177.69.31
598,Gabi,Haslum,ghaslumgl@skyrock.com,8/4/2020,236.196.43.229
599,Zachariah,Lapham,zlaphamgm@sitemeter.com,11/7/2019,197.12.253.45
600,Sophia,Skippings,sskippingsgn@cbc.ca,10/5/2018,174.9.253.77
601,Bibbie,Scrase,bscrasego@washingtonpost.com,8/4/2020,71.215.254.75
602,Sonya,Oats,soatsgp@biblegateway.com,5/18/2019,206.147.194.20
603,Sara,Cruce,scrucegq@google.co.uk,10/5/2018,174.218.183.229
604,Lay,Seers,lseersgr@skype.com,8/2/2018,64.55.92.115
605,Page,Allberry,pallberrygs@ehow.com,11/14/2019,38.5.7.159
606,Quentin,Bartlomiejczyk,qbartlomiejczykgt@youtube.com,11/15/2018,21.78.112.161
607,Cecelia,Bazire,cbaziregu@patch.com,3/4/2021,87.134.254.233
608,Reidar,Patrono,rpatronogv@zdnet.com,12/4/2020,168.151.126.48
609,Di,Espinoza,despinozagw@icq.com,6/7/2019,144.170.52.107
610,Ricoriki,Brassington,rbrassingtongx@bing.com,4/30/2019,175.203.210.25
611,Isac,Rolinson,irolinsongy@bluehost.com,10/19/2019,194.53.158.100
612,Eadmund,Surgeon,esurgeongz@xing.com,2/21/2021,198.71.130.201
613,Chrissie,Lydall,clydallh0@shutterfly.com,12/22/2020,13.118.58.178
614,Mildrid,Conrart,mconrarth1@delicious.com,9/23/2020,76.84.44.90
615,Knox,Linwood,klinwoodh2@engadget.com,10/4/2019,207.240.76.4
616,Linn,Labbez,llabbezh3@vimeo.com,6/22/2019,248.200.125.49
617,Gayelord,Deackes,gdeackesh4@ovh.net,3/17/2019,47.94.136.103
618,Hanna,Albiston,halbistonh5@cocolog-nifty.com,3/19/2019,75.55.145.78
619,Aguste,Levey,aleveyh6@ning.com,1/8/2019,16.43.174.163
620,Vitoria,Cunnah,vcunnahh7@springer.com,11/29/2020,188.24.236.63
621,Harald,Meadley,hmeadleyh8@statcounter.com,11/2/2019,76.123.11.114
622,Amitie,Pinchbeck,apinchbeckh9@salon.com,1/16/2019,221.167.175.40
623,Teddy,Wightman,twightmanha@istockphoto.com,1/31/2020,127.170.151.202
624,Cybill,Frost,cfrosthb@squidoo.com,5/24/2021,136.255.207.98
625,Janean,Eastop,jeastophc@devhub.com,8/29/2020,118.137.189.73
626,Vitia,Ayerst,vayersthd@mtv.com,10/17/2020,8.178.151.75
627,Burty,Mattia,bmattiahe@mysql.com,5/15/2021,118.169.122.184
628,Halimeda,Glaum,hglaumhf@fda.gov,8/14/2018,249.113.193.206
629,Lowell,Hacquoil,lhacquoilhg@pbs.org,1/22/2020,175.247.80.79
630,Leslie,Hewertson,lhewertsonhh@surveymonkey.com,3/12/2021,162.106.126.58
631,Mathias,Dood,mdoodhi@msn.com,4/29/2018,34.62.111.201
632,Dickie,Matieu,dmatieuhj@pbs.org,4/3/2018,120.112.70.48
633,Whit,Borland,wborlandhk@whitehouse.gov,4/15/2021,203.234.132.235
634,Elli,Clem,eclemhl@nyu.edu,4/29/2018,1.109.255.151
635,Loralee,MacCosty,lmaccostyhm@indiatimes.com,1/17/2018,116.86.212.28
636,Gretna,Rawlingson,grawlingsonhn@oracle.com,12/22/2018,137.74.82.96
637,Thatcher,Goodsall,tgoodsallho@umn.edu,3/30/2019,103.240.213.154
638,Angelia,Hayley,ahayleyhp@blogtalkradio.com,6/6/2020,75.26.4.105
639,Wileen,Scanderet,wscanderethq@cisco.com,7/10/2021,184.147.163.57
640,Ekaterina,Arnaudon,earnaudonhr@princeton.edu,11/26/2017,182.124.174.82
641,Lynette,Ioselevich,lioselevichhs@foxnews.com,10/18/2020,221.164.125.18
642,Devy,Jenkin,djenkinht@ameblo.jp,9/2/2019,218.231.68.149
643,Susanne,Larver,slarverhu@wufoo.com,5/27/2020,108.180.141.247
644,Willetta,Harmar,wharmarhv@unesco.org,1/18/2020,133.62.144.49
645,Carolee,Guess,cguesshw@nasa.gov,10/12/2019,229.172.142.241
646,Candis,Leeuwerink,cleeuwerinkhx@ebay.co.uk,10/5/2020,174.47.17.206
647,Vivyan,Delwater,vdelwaterhy@yahoo.com,5/25/2020,231.250.124.129
648,Harli,Gooders,hgoodershz@is.gd,6/24/2020,157.106.82.95
649,Kimberly,MacDirmid,kmacdirmidi0@answers.com,4/1/2018,68.204.154.231
650,Mureil,Nutbeem,mnutbeemi1@i2i.jp,2/7/2018,187.240.198.91
651,Gratia,Balls,gballsi2@4shared.com,3/15/2021,193.138.32.231
652,Fred,de Savery,fdesaveryi3@ifeng.com,9/7/2019,6.243.224.122
653,Connie,Najera,cnajerai4@trellian.com,11/2/2018,41.97.186.10
654,Ray,Blowne,rblownei5@wikipedia.org,1/27/2021,144.206.183.223
655,Nealy,Steedman,nsteedmani6@ning.com,3/16/2018,190.38.200.6
656,Charmian,Shieber,cshieberi7@networksolutions.com,11/28/2018,84.19.227.99
657,Wash,Swatten,wswatteni8@nyu.edu,7/31/2019,59.216.126.95
658,Leigha,Breton,lbretoni9@livejournal.com,10/25/2020,244.63.6.244
659,Benjy,Tillot,btillotia@friendfeed.com,1/25/2018,233.193.210.82
660,Moss,Wragg,mwraggib@vimeo.com,12/20/2018,13.154.197.140
661,Fields,Seeley,fseeleyic@wikimedia.org,5/23/2021,120.160.250.205
662,Ronni,Buscher,rbuscherid@cbslocal.com,8/8/2020,148.99.77.49
663,Fanchette,Yaknov,fyaknovie@alibaba.com,4/17/2021,176.178.80.131
664,Anastasia,Kobierzycki,akobierzyckiif@globo.com,4/6/2020,127.19.251.37
665,Bancroft,Coit,bcoitig@craigslist.org,7/27/2019,210.8.122.84
666,Alessandro,Lewin,alewinih@mlb.com,8/2/2019,64.199.70.228
667,Humfried,Morforth,hmorforthii@lulu.com,8/4/2018,92.143.111.32
668,Ilaire,Ilden,iildenij@xinhuanet.com,2/24/2019,80.162.63.191
669,Laurie,Prandini,lprandiniik@yandex.ru,8/18/2020,27.110.19.10
670,Salomon,Sharples,ssharplesil@paypal.com,5/5/2018,119.26.119.188
671,Lynelle,Sweeny,lsweenyim@wp.com,2/17/2021,179.201.30.156
672,Brok,Liffe,bliffein@bloglovin.com,6/19/2021,209.172.152.233
673,Tamarah,Figger,tfiggerio@hugedomains.com,3/19/2019,93.86.82.227
674,Lee,Grut,lgrutip@sfgate.com,5/8/2021,87.12.219.176
675,Hermon,Duignan,hduignaniq@goo.gl,3/29/2019,153.57.94.208
676,Billye,Timbridge,btimbridgeir@usa.gov,11/3/2020,144.235.202.167
677,Barn,Bolstridge,bbolstridgeis@epa.gov,3/17/2021,3.172.110.24
678,Dorian,Sherebrooke,dsherebrookeit@alexa.com,6/8/2018,55.119.146.74
679,Alley,Bywater,abywateriu@mediafire.com,1/26/2019,129.207.7.33
680,Avrom,Mault,amaultiv@etsy.com,1/23/2018,56.211.210.106
681,Marcelline,Glyssanne,mglyssanneiw@nps.gov,1/24/2020,232.235.151.105
682,Payton,Fieldgate,pfieldgateix@smugmug.com,5/12/2018,133.56.253.224
683,Lemar,Clapham,lclaphamiy@trellian.com,10/21/2018,221.157.180.159
684,Brigg,Bloxsom,bbloxsomiz@huffingtonpost.com,7/14/2019,3.139.32.34
685,Kendricks,Clampe,kclampej0@amazon.de,9/8/2019,246.236.139.213
686,Erica,Sumption,esumptionj1@technorati.com,6/23/2020,148.168.251.35
687,Tatum,Maddigan,tmaddiganj2@booking.com,6/26/2019,110.71.208.63
688,Klarika,Niemiec,kniemiecj3@arstechnica.com,3/8/2018,208.155.117.231
689,Angelico,McCafferty,amccaffertyj4@cmu.edu,11/7/2018,52.121.212.162
690,Carmelina,Bertram,cbertramj5@seesaa.net,6/15/2019,134.87.241.129
691,Libby,Fleet,lfleetj6@yellowbook.com,1/13/2019,162.5.56.170
692,Alvina,Loggie,aloggiej7@ox.ac.uk,10/23/2019,253.40.8.233
693,Cecilius,Coggen,ccoggenj8@icq.com,8/2/2018,172.219.123.231
694,Agna,Dash,adashj9@mail.ru,12/22/2019,12.90.107.129
695,Paige,Asplen,pasplenja@home.pl,6/30/2021,54.152.32.93
696,Fulvia,Efford,feffordjb@plala.or.jp,1/3/2020,52.215.81.128
697,Carrie,Dumphrey,cdumphreyjc@xing.com,2/13/2021,157.181.69.18
698,Julietta,Kelly,jkellyjd@biblegateway.com,12/7/2017,11.36.145.80
699,Billye,Styche,bstycheje@cafepress.com,1/10/2020,168.122.34.68
700,Christye,Bonder,cbonderjf@xinhuanet.com,2/11/2020,62.122.84.250
701,Sheri,McGillicuddy,smcgillicuddyjg@eventbrite.com,4/6/2018,23.97.214.97
702,Baxter,Blaze,bblazejh@pen.io,10/27/2018,57.5.174.237
703,Jerad,Muff,jmuffji@usgs.gov,11/3/2019,74.179.47.192
704,Katee,Palfreman,kpalfremanjj@cisco.com,6/25/2019,6.56.19.41
705,Giorgia,Hospital,ghospitaljk@yellowbook.com,5/21/2021,131.206.96.159
706,Bellanca,Exeter,bexeterjl@acquirethisname.com,5/29/2019,156.97.136.197
707,Phip,Dybald,pdybaldjm@vkontakte.ru,11/26/2019,182.154.225.169
708,Janie,Kinkead,jkinkeadjn@blinklist.com,7/29/2019,20.105.110.189
709,Rich,Iskov,riskovjo@wunderground.com,8/31/2020,29.77.19.135
710,Benji,Portwaine,bportwainejp@toplist.cz,2/28/2019,21.124.145.196
711,Justus,Downse,jdownsejq@domainmarket.com,11/2/2017,41.140.229.230
712,Blair,Rens,brensjr@economist.com,6/12/2020,55.88.183.173
713,Trstram,Couth,tcouthjs@fema.gov,1/24/2020,176.33.195.163
714,Wake,Costy,wcostyjt@xrea.com,8/3/2019,120.175.200.199
715,Aida,Freyn,afreynju@mlb.com,1/22/2019,231.111.10.212
716,Ingaberg,Mintrim,imintrimjv@blogtalkradio.com,8/1/2019,29.205.189.164
717,Natal,Shieber,nshieberjw@about.com,5/15/2018,255.182.83.62
718,Roddy,Peasegod,rpeasegodjx@howstuffworks.com,8/29/2020,104.216.34.92
719,Andrea,Jamison,ajamisonjy@privacy.gov.au,5/7/2019,106.105.37.139
720,Darin,Tremble,dtremblejz@github.com,10/12/2019,199.149.104.140
721,Norbie,Stephens,nstephensk0@constantcontact.com,2/28/2018,87.195.10.217
722,Jacintha,Clewes,jclewesk1@diigo.com,7/17/2019,23.146.92.204
723,Anderea,Dolligon,adolligonk2@eventbrite.com,3/5/2020,45.214.94.107
724,Aili,O'Keefe,aokeefek3@washingtonpost.com,4/21/2020,42.72.120.11
725,Hunfredo,Gonzalvo,hgonzalvok4@exblog.jp,4/15/2020,205.185.51.141
726,Padraic,Clausen,pclausenk5@cpanel.net,9/27/2020,144.119.77.238
727,Garold,Nutten,gnuttenk6@msu.edu,1/1/2018,32.21.220.42
728,Karen,Twell,ktwellk7@bbb.org,11/5/2018,35.148.8.40
729,Gina,Dobrowlski,gdobrowlskik8@free.fr,4/18/2018,89.157.84.34
730,Freddi,Trayhorn,ftrayhornk9@github.com,2/27/2019,160.165.231.198
731,Kizzie,Aiers,kaierska@networkadvertising.org,2/23/2020,41.73.243.145
732,Gussi,Wurz,gwurzkb@zimbio.com,12/31/2020,249.213.58.151
733,Chad,Rolstone,crolstonekc@lycos.com,5/19/2021,50.65.185.4
734,Merrill,Jankovsky,mjankovskykd@theatlantic.com,3/2/2018,122.53.16.228
735,Joscelin,Snelle,jsnelleke@hibu.com,1/10/2018,188.234.158.201
736,Othilia,Croshaw,ocroshawkf@sohu.com,11/28/2019,124.187.141.204
737,Godfrey,Iglesias,giglesiaskg@telegraph.co.uk,3/18/2018,134.50.236.167
738,Ellswerth,Hullot,ehullotkh@japanpost.jp,5/20/2018,143.127.130.56
739,Dannel,Service,dserviceki@scientificamerican.com,9/8/2019,218.155.211.84
740,Gavra,Clohisey,gclohiseykj@ocn.ne.jp,5/16/2021,106.0.171.115
741,Modestia,Tanslie,mtansliekk@wordpress.org,8/6/2018,61.35.224.145
742,Chandal,Stonner,cstonnerkl@nhs.uk,12/30/2019,163.159.32.201
743,Joete,Villiers,jvillierskm@mediafire.com,7/21/2019,133.165.4.130
744,Ronny,Keyte,rkeytekn@wired.com,4/4/2019,95.184.136.152
745,Allayne,Sorbey,asorbeyko@cornell.edu,12/17/2017,155.227.190.139
746,Skip,Le Blanc,sleblanckp@ed.gov,9/7/2020,140.37.106.15
747,Rona,Arboin,rarboinkq@phoca.cz,9/18/2019,178.228.5.122
748,Erhart,Rivilis,eriviliskr@blinklist.com,2/20/2020,79.242.57.15
749,Piotr,Abrahmer,pabrahmerks@tmall.com,12/4/2018,41.100.251.103
750,Alvira,Abilowitz,aabilowitzkt@elpais.com,6/11/2019,104.46.10.127
751,Fidel,Awcoate,fawcoateku@creativecommons.org,11/19/2017,3.129.138.115
752,Rudolf,Preece,rpreecekv@tripod.com,9/18/2019,124.18.56.10
753,Virgina,Martschik,vmartschikkw@examiner.com,7/22/2019,146.72.183.113
754,Dynah,Welford,dwelfordkx@sbwire.com,7/15/2018,116.222.237.183
755,Jeanie,Dirr,jdirrky@soup.io,12/15/2018,197.27.106.167
756,Trumaine,Pachta,tpachtakz@techcrunch.com,1/31/2021,168.107.120.97
757,Jonis,Andreichik,jandreichikl0@indiatimes.com,10/10/2018,198.77.52.119
758,Augie,Pallent,apallentl1@arizona.edu,6/22/2021,112.33.163.164
759,Sutherlan,Cleveley,scleveleyl2@cbc.ca,8/29/2018,206.59.209.85
760,Vyky,Olivelli,volivellil3@slashdot.org,5/19/2019,196.254.254.250
761,Alys,Wathey,awatheyl4@census.gov,3/10/2019,48.239.219.172
762,Marla,Shakle,mshaklel5@blinklist.com,9/9/2018,186.47.99.232
763,Ethel,Jinks,ejinksl6@usatoday.com,8/20/2020,93.209.168.208
764,Sada,Sollis,ssollisl7@youku.com,11/13/2019,226.56.155.61
765,Bayard,Bundy,bbundyl8@ustream.tv,1/24/2021,156.110.133.200
766,Sunny,Timby,stimbyl9@bbc.co.uk,1/2/2018,211.99.192.97
767,Nikolia,Pilipets,npilipetsla@webnode.com,12/21/2020,91.246.243.136
768,Annalise,Manktelow,amanktelowlb@europa.eu,1/5/2020,125.0.194.252
769,Beatriz,Coveny,bcovenylc@imdb.com,4/12/2020,30.86.223.213
770,Helene,Ingrey,hingreyld@goo.ne.jp,10/15/2019,122.36.181.68
771,Kimmy,Gartin,kgartinle@netvibes.com,8/13/2019,114.104.77.225
772,Bearnard,Grunwald,bgrunwaldlf@g.co,4/9/2019,175.207.68.202
773,Glori,McGillreich,gmcgillreichlg@stanford.edu,12/16/2019,35.216.86.171
774,Rheta,Halbeard,rhalbeardlh@t-online.de,10/27/2018,92.123.231.32
775,Bobette,Heasman,bheasmanli@vistaprint.com,7/27/2020,140.168.9.56
776,Alvin,Yoskowitz,ayoskowitzlj@pen.io,10/7/2020,145.80.115.132
777,Amabel,Pybus,apybuslk@skype.com,6/23/2018,36.8.86.210
778,Prinz,Setterfield,psetterfieldll@wisc.edu,6/10/2021,252.44.75.81
779,Mathew,Leadbetter,mleadbetterlm@eepurl.com,7/30/2019,3.43.185.122
780,Eldredge,Elliff,eelliffln@google.com.hk,3/28/2020,16.96.251.100
781,Fonsie,Mewrcik,fmewrciklo@artisteer.com,11/10/2019,124.212.235.195
782,Delmore,Martini,dmartinilp@canalblog.com,6/6/2018,240.213.166.147
783,Emmery,Pile,epilelq@springer.com,1/11/2021,89.62.177.35
784,Eirena,Mees,emeeslr@livejournal.com,7/9/2020,63.243.74.20
785,Mureil,Clewarth,mclewarthls@omniture.com,11/11/2019,53.197.40.178
786,Golda,Brody,gbrodylt@canalblog.com,5/16/2019,159.212.246.103
787,Ellwood,Priestner,epriestnerlu@foxnews.com,3/3/2019,240.42.159.155
788,Hermon,Parfett,hparfettlv@blogger.com,9/5/2020,184.247.1.202
789,Der,Rucklidge,drucklidgelw@yellowpages.com,9/16/2020,191.246.80.156
790,Robinet,Vaan,rvaanlx@timesonline.co.uk,10/13/2019,98.126.225.10
791,Alick,Burgin,aburginly@hatena.ne.jp,1/1/2021,41.45.178.100
792,Helenka,Hansom,hhansomlz@engadget.com,3/2/2021,68.146.19.198
793,Sashenka,Thackray,sthackraym0@si.edu,12/6/2017,16.231.138.24
794,Cesaro,Bathow,cbathowm1@icio.us,11/3/2017,49.228.135.74
795,Bryana,Tudgay,btudgaym2@sourceforge.net,3/23/2021,36.18.127.243
796,Beck,Newbury,bnewburym3@yandex.ru,4/4/2021,185.220.211.116
797,Krishna,Durrant,kdurrantm4@blogspot.com,5/15/2020,36.239.52.91
798,Bethena,Noury,bnourym5@icq.com,1/20/2018,178.47.43.253
799,Arden,Iacovazzi,aiacovazzim6@jugem.jp,3/25/2019,181.25.43.215
800,Regen,Lefeaver,rlefeaverm7@vinaora.com,6/29/2020,61.54.216.36
801,Leena,Altimas,laltimasm8@feedburner.com,5/14/2018,53.194.48.234
802,Elfrieda,Munks,emunksm9@quantcast.com,5/8/2020,218.93.187.126
803,Babita,Bandt,bbandtma@latimes.com,12/15/2018,205.107.100.132
804,Marge,Chmarny,mchmarnymb@yellowpages.com,5/16/2018,245.66.253.203
805,Gwynne,Delieu,gdelieumc@is.gd,5/25/2021,202.161.0.179
806,Rancell,Gosker,rgoskermd@wisc.edu,7/23/2020,241.112.135.196
807,Gearalt,Holburn,gholburnme@sun.com,8/15/2019,181.9.87.48
808,Larry,Pariso,lparisomf@mozilla.com,10/6/2019,125.29.246.103
809,Rik,Sinott,rsinottmg@thetimes.co.uk,5/31/2019,190.91.9.103
810,Lisle,Saich,lsaichmh@flavors.me,10/2/2020,242.113.191.210
811,Mitchel,Hallt,mhalltmi@independent.co.uk,2/16/2020,86.242.134.58
812,Cymbre,De Vile,cdevilemj@surveymonkey.com,8/19/2020,83.57.50.208
813,Stillmann,August,saugustmk@bbc.co.uk,8/7/2019,33.217.96.103
814,Loralie,Lebarree,llebarreeml@de.vu,2/21/2020,177.213.245.177
815,Patsy,Millett,pmillettmm@facebook.com,9/24/2018,100.196.122.130
816,Bennie,Greber,bgrebermn@opera.com,12/9/2019,6.57.217.125
817,Druci,Yurlov,dyurlovmo@parallels.com,10/29/2020,15.161.5.61
818,Barb,Dilon,bdilonmp@taobao.com,6/12/2018,30.25.31.62
819,Joelly,Vedntyev,jvedntyevmq@hc360.com,4/17/2019,193.192.40.10
820,Devina,Goodswen,dgoodswenmr@netlog.com,11/12/2018,129.179.154.171
821,Madelina,Dominicacci,mdominicaccims@wired.com,4/12/2019,109.234.251.144
822,Cindi,Scothorn,cscothornmt@home.pl,2/11/2018,155.188.28.146
823,Brita,Dorrell,bdorrellmu@goodreads.com,11/13/2017,13.78.120.236
824,Christie,Brundrett,cbrundrettmv@japanpost.jp,5/14/2018,230.141.59.235
825,Stephine,Setterington,ssetteringtonmw@mashable.com,12/17/2017,208.34.26.105
826,Ainslee,Dodson,adodsonmx@hostgator.com,5/5/2021,8.219.22.56
827,Kaleb,Le Floch,kleflochmy@nasa.gov,3/22/2021,206.121.124.58
828,Yasmeen,Francello,yfrancellomz@goodreads.com,1/12/2020,235.139.95.173
829,Sonya,MacKeeg,smackeegn0@nsw.gov.au,4/30/2018,21.197.14.48
830,Kelby,Selley,kselleyn1@sfgate.com,1/3/2018,90.23.132.165
831,Kimberli,Websdale,kwebsdalen2@twitter.com,5/18/2020,61.195.177.111
832,Yasmeen,Doche,ydochen3@360.cn,5/28/2021,176.17.219.70
833,Valli,Southcombe,vsouthcomben4@hugedomains.com,6/9/2019,6.61.86.16
834,Bron,Happel,bhappeln5@mayoclinic.com,6/21/2018,103.146.151.119
835,Wendell,Clerke,wclerken6@webeden.co.uk,2/1/2021,179.206.183.34
836,Lil,Harman,lharmann7@unc.edu,8/6/2019,143.243.74.182
837,Curt,Timeby,ctimebyn8@yolasite.com,2/12/2021,117.213.199.223
838,Palm,Groundwater,pgroundwatern9@google.com.au,3/11/2018,223.95.235.99
839,Rozalin,Spurdens,rspurdensna@istockphoto.com,3/8/2020,3.113.94.180
840,Deloris,Nekrews,dnekrewsnb@dmoz.org,5/7/2019,138.85.139.36
841,Silvia,Codman,scodmannc@scribd.com,2/12/2019,159.55.6.102
842,Donetta,Lampens,dlampensnd@ocn.ne.jp,6/20/2018,0.141.8.44
843,Oralie,Vickers,ovickersne@hubpages.com,7/22/2021,231.80.173.150
844,Taryn,Skures,tskuresnf@ucsd.edu,11/17/2020,172.88.48.132
845,Wallie,Brydone,wbrydoneng@diigo.com,8/5/2020,115.23.254.157
846,Vanda,Teligin,vteliginnh@prweb.com,9/15/2020,190.43.158.232
847,Mag,Birtwhistle,mbirtwhistleni@umich.edu,11/26/2019,0.148.67.252
848,Harman,Whimper,hwhimpernj@census.gov,6/28/2019,33.110.204.1
849,Joseph,Oldman,joldmannk@irs.gov,3/19/2020,217.151.215.226
850,Elmer,Guidetti,eguidettinl@cyberchimps.com,4/1/2019,115.208.189.98
851,Leanor,Goult,lgoultnm@php.net,4/12/2021,254.51.238.99
852,Jaquelyn,Reilinger,jreilingernn@gnu.org,2/2/2021,154.229.45.37
853,Agretha,Shewsmith,ashewsmithno@163.com,4/19/2018,247.78.220.52
854,Evin,Smitheman,esmithemannp@tuttocitta.it,1/10/2021,18.64.48.97
855,Bernardina,Threlfall,bthrelfallnq@boston.com,7/10/2021,245.41.198.209
856,Christos,McPaike,cmcpaikenr@altervista.org,3/28/2020,60.174.213.178
857,Shepherd,Carbry,scarbryns@ustream.tv,5/25/2021,78.91.71.40
858,Chariot,Royden,croydennt@hibu.com,4/17/2019,237.121.113.168
859,Kellsie,Rodmell,krodmellnu@fc2.com,4/16/2020,129.160.166.98
860,Jasmina,Wittey,jwitteynv@boston.com,6/10/2020,202.140.1.4
861,Sarine,Breitler,sbreitlernw@who.int,7/17/2018,103.202.27.17
862,Leonerd,Gregersen,lgregersennx@microsoft.com,1/4/2019,244.176.214.178
863,Queenie,Joicey,qjoiceyny@sciencedaily.com,1/31/2021,104.162.67.215
864,Vitoria,Dayer,vdayernz@vkontakte.ru,10/7/2018,22.152.245.181
865,Teodoor,Cerie,tcerieo0@whitehouse.gov,8/15/2018,102.151.217.61
866,Jacquelin,Dmych,jdmycho1@salon.com,1/17/2018,11.79.88.18
867,Meara,Drinkwater,mdrinkwatero2@w3.org,5/23/2021,245.119.84.250
868,Kirbee,Madine,kmadineo3@arstechnica.com,5/4/2019,163.29.51.209
869,Darbie,Daugherty,ddaughertyo4@csmonitor.com,1/31/2019,213.124.160.149
870,Randene,Tidbold,rtidboldo5@webmd.com,6/10/2018,174.57.35.102
871,Kerr,Haglinton,khaglintono6@elegantthemes.com,11/13/2018,97.153.17.103
872,Rori,Casoni,rcasonio7@techcrunch.com,11/4/2018,159.205.226.112
873,Andrei,Gueinn,agueinno8@joomla.org,10/23/2020,178.125.54.93
874,Vaclav,O'Doherty,vodohertyo9@rambler.ru,4/10/2019,39.101.67.201
875,Evelyn,Dockrill,edockrilloa@omniture.com,5/17/2020,145.43.133.207
876,Orion,Escale,oescaleob@icq.com,7/24/2021,213.37.172.227
877,Sonnie,Stait,sstaitoc@livejournal.com,2/20/2020,209.223.211.136
878,Tallie,Jenicke,tjenickeod@usa.gov,9/16/2019,54.191.45.254
879,Jonie,Dimeloe,jdimeloeoe@slate.com,8/1/2020,155.24.85.96
880,Faunie,Gaish,fgaishof@desdev.cn,11/13/2020,130.14.105.28
881,Leodora,Boller,lbollerog@instagram.com,1/18/2019,149.131.164.48
882,Tyler,Heisler,theisleroh@csmonitor.com,12/23/2019,19.53.135.229
883,Sarah,Usmar,susmaroi@google.com.hk,8/4/2019,2.167.37.112
884,Leena,Jelf,ljelfoj@youtube.com,5/27/2021,43.121.200.245
885,Gerik,Jerson,gjersonok@privacy.gov.au,3/25/2019,136.8.201.254
886,Janina,Neillans,jneillansol@ftc.gov,10/28/2019,110.2.74.255
887,Shaylah,Popple,spoppleom@arstechnica.com,5/9/2020,81.140.45.188
888,Lizette,Dugdale,ldugdaleon@cnet.com,10/17/2018,96.179.111.255
889,Sayre,Alldridge,salldridgeoo@upenn.edu,12/7/2018,200.28.184.77
890,Maddy,Tompkins,mtompkinsop@ocn.ne.jp,5/19/2021,167.110.148.204
891,Dulce,Birchwood,dbirchwoodoq@canalblog.com,6/11/2018,140.21.116.87
892,Jany,Steward,jstewardor@bloglines.com,11/19/2019,233.200.200.208
893,Cosmo,Jerromes,cjerromesos@flavors.me,4/17/2018,44.174.120.188
894,Ema,Commuzzo,ecommuzzoot@reverbnation.com,5/26/2021,243.216.9.155
895,Lia,Mandel,lmandelou@businessweek.com,5/12/2021,36.153.201.85
896,Franciskus,Tiley,ftileyov@google.com.hk,7/21/2019,134.156.214.85
897,Ros,Skelhorn,rskelhornow@wufoo.com,12/31/2020,182.80.21.159
898,Caren,Reolfo,creolfoox@parallels.com,3/14/2019,154.246.115.86
899,Jacques,Darbishire,jdarbishireoy@google.com,6/21/2021,231.107.147.167
900,Carilyn,Hulburd,chulburdoz@deviantart.com,8/8/2018,26.236.248.36
901,Junia,Onthank,jonthankp0@tinyurl.com,3/16/2019,58.63.182.202
902,Faydra,Bielby,fbielbyp1@unesco.org,10/25/2018,207.172.229.157
903,Connie,Klouz,cklouzp2@google.nl,12/13/2018,42.10.211.72
904,Martynne,Gooch,mgoochp3@youtu.be,7/15/2021,114.143.123.72
905,Lotty,Maddock,lmaddockp4@storify.com,5/2/2019,102.245.63.147
906,Cyndia,Faulkener,cfaulkenerp5@github.com,3/16/2019,30.244.9.148
907,Ev,Chatell,echatellp6@ihg.com,4/14/2020,224.152.124.56
908,Georgie,Lobbe,globbep7@histats.com,12/15/2018,225.222.13.226
909,Rodrigo,Brearley,rbrearleyp8@altervista.org,11/24/2019,129.44.61.123
910,Melva,Estabrook,mestabrookp9@com.com,6/28/2019,25.107.98.112
911,Ada,Hillburn,ahillburnpa@storify.com,7/27/2018,193.182.172.59
912,Tarrah,Druitt,tdruittpb@unc.edu,8/28/2020,196.39.67.79
913,Kele,Brixey,kbrixeypc@godaddy.com,12/5/2018,62.146.186.176
914,Dian,Fishlock,dfishlockpd@engadget.com,10/12/2020,144.36.231.124
915,Rivkah,Dominetti,rdominettipe@surveymonkey.com,2/3/2019,40.187.241.156
916,Christina,Cartmer,ccartmerpf@sphinn.com,3/23/2021,180.74.248.14
917,Trey,Nafziger,tnafzigerpg@theatlantic.com,1/28/2018,192.147.134.190
918,Roseanna,Maystone,rmaystoneph@nba.com,4/27/2019,82.210.20.11
919,Adriana,Regina,areginapi@unesco.org,10/7/2020,43.85.209.198
920,Leena,Keattch,lkeattchpj@jalbum.net,1/13/2021,246.188.236.17
921,Tania,Hamfleet,thamfleetpk@ustream.tv,12/12/2018,63.246.89.35
922,Alexine,Le Pine,alepinepl@privacy.gov.au,7/19/2021,61.73.250.42
923,Consalve,Dehm,cdehmpm@mayoclinic.com,12/4/2018,103.161.236.132
924,Sharona,Capsey,scapseypn@oracle.com,5/30/2018,43.235.173.89
925,Tommie,MacAdam,tmacadampo@si.edu,4/29/2018,49.17.220.34
926,Kendell,Gebbe,kgebbepp@ebay.co.uk,10/11/2019,59.211.44.181
927,Perle,Meece,pmeecepq@ifeng.com,10/22/2019,58.85.234.240
928,Richmond,Slayny,rslaynypr@irs.gov,7/6/2020,89.76.83.202
929,Karyl,Boarder,kboarderps@tinypic.com,2/23/2019,159.206.157.158
930,Othello,Chsteney,ochsteneypt@is.gd,7/22/2020,88.1.4.250
931,Shanda,Becraft,sbecraftpu@nyu.edu,2/5/2019,164.238.130.107
932,Hubert,Cheesman,hcheesmanpv@seattletimes.com,10/11/2018,3.195.161.98
933,Mariann,Rubrow,mrubrowpw@weebly.com,6/28/2019,195.6.245.3
934,Robbin,Poulden,rpouldenpx@weebly.com,12/27/2017,121.175.182.5
935,Selena,Carillo,scarillopy@wikia.com,7/26/2018,92.208.165.225
936,Porty,Birk,pbirkpz@g.co,11/15/2017,156.19.243.75
937,Corabelle,Rosenbusch,crosenbuschq0@abc.net.au,9/23/2018,127.180.60.1
938,Merola,Legion,mlegionq1@blinklist.com,9/12/2019,123.105.49.2
939,Bartel,Bollard,bbollardq2@163.com,10/18/2018,251.179.214.88
940,Cassie,Van der Kruijs,cvanderkruijsq3@admin.ch,1/20/2020,183.3.246.231
941,Giusto,Laffling,glafflingq4@zdnet.com,2/3/2018,162.185.209.128
942,Miof mela,Darwen,mdarwenq5@arizona.edu,9/27/2019,19.50.98.228
943,Gerhardt,Gouldthorp,ggouldthorpq6@uiuc.edu,5/19/2019,171.158.67.147
944,Esther,Cockley,ecockleyq7@163.com,8/25/2018,101.126.143.107
945,Grayce,Bathow,gbathowq8@reverbnation.com,11/18/2019,245.137.253.165
946,Powell,Swiffen,pswiffenq9@va.gov,10/21/2020,118.87.175.165
947,Angelina,Ollerhad,aollerhadqa@alibaba.com,9/12/2018,231.118.98.154
948,Nils,Tough,ntoughqb@jugem.jp,2/17/2021,52.37.159.159
949,Derk,Maclaine,dmaclaineqc@360.cn,10/25/2020,227.79.241.244
950,Orella,Flahy,oflahyqd@freewebs.com,12/24/2017,5.192.76.23
951,Cody,Ivannikov,civannikovqe@yellowpages.com,7/18/2020,41.151.19.22
952,Chrotoem,De Giorgi,cdegiorgiqf@webs.com,10/20/2020,184.160.226.57
953,Carrie,Swedeland,cswedelandqg@mayoclinic.com,4/12/2021,77.197.83.153
954,Kimberlee,Gooderson,kgoodersonqh@youtube.com,4/10/2021,246.97.76.31
955,Burton,Henden,bhendenqi@npr.org,11/14/2019,121.139.31.47
956,Eugen,Quant,equantqj@reverbnation.com,4/8/2020,49.185.146.209
957,Vaclav,Gurrado,vgurradoqk@theguardian.com,7/20/2019,98.51.130.95
958,Rodina,Diegan,rdieganql@google.cn,12/27/2020,223.165.57.5
959,Auria,Shadrach,ashadrachqm@spotify.com,5/20/2018,215.170.10.96
960,Elmo,O'Loughane,eoloughaneqn@xrea.com,8/30/2018,218.190.79.70
961,Sigismundo,Becke,sbeckeqo@fc2.com,8/17/2018,164.236.154.164
962,Quinn,Pashba,qpashbaqp@soup.io,3/28/2020,213.53.225.127
963,Padriac,Redhouse,predhouseqq@liveinternet.ru,1/11/2020,163.133.56.174
964,Philip,Seely,pseelyqr@msn.com,1/12/2018,248.154.189.40
965,Lily,Crathorne,lcrathorneqs@aboutads.info,7/4/2019,165.185.216.142
966,Jermain,Houndsom,jhoundsomqt@mac.com,6/27/2021,94.145.77.191
967,Cyrus,Gilluley,cgilluleyqu@prweb.com,4/8/2020,143.12.113.15
968,Cheri,Tickner,cticknerqv@bizjournals.com,11/18/2018,114.71.51.158
969,Marlon,Harnett,mharnettqw@wp.com,7/17/2021,168.250.223.153
970,Clerissa,Ramsbottom,cramsbottomqx@mayoclinic.com,3/29/2019,110.10.168.107
971,Janaya,Print,jprintqy@nbcnews.com,2/24/2019,247.55.89.110
972,Jessie,Bale,jbaleqz@about.com,7/22/2021,243.199.21.186
973,Clevie,Jennins,cjenninsr0@w3.org,3/2/2018,240.94.231.87
974,Traci,Bance,tbancer1@dot.gov,11/21/2018,212.65.154.99
975,Thornie,Richemont,trichemontr2@amazon.co.uk,7/28/2019,22.102.205.250
976,Cazzie,Castellani,ccastellanir3@sourceforge.net,2/7/2020,33.30.222.223
977,Richie,Ballard,rballardr4@theglobeandmail.com,6/3/2021,34.6.205.27
978,Yasmin,Hynson,yhynsonr5@phoca.cz,5/25/2020,146.26.222.158
979,Arlen,Seak,aseakr6@pen.io,12/30/2020,72.70.51.91
980,Edmund,Radin,eradinr7@cbsnews.com,12/9/2018,194.222.173.253
981,Edie,Chesman,echesmanr8@craigslist.org,2/13/2020,125.196.46.236
982,Tanny,Epilet,tepiletr9@wordpress.org,6/24/2021,9.189.67.214
983,Marc,Fidgeon,mfidgeonra@t-online.de,4/14/2021,208.131.52.184
984,Elbertine,Booty,ebootyrb@ed.gov,12/20/2020,180.112.237.213
985,Alexei,Massingberd,amassingberdrc@marriott.com,7/14/2021,231.176.218.200
986,Craig,Bromet,cbrometrd@bbb.org,2/21/2020,35.120.43.175
987,Ludovika,Speachley,lspeachleyre@washingtonpost.com,1/17/2020,114.57.0.92
988,Chrissy,Aylin,caylinrf@unblog.fr,2/27/2020,79.138.178.130
989,Arden,Letcher,aletcherrg@ocn.ne.jp,11/22/2019,176.251.29.168
990,Godfrey,Dilrew,gdilrewrh@fc2.com,2/21/2020,233.221.2.117
991,Lorrie,Alvar,lalvarri@domainmarket.com,3/21/2020,81.198.19.15
992,Mayor,Maleney,mmaleneyrj@symantec.com,10/10/2020,176.225.225.53
993,Lira,Mealiffe,lmealifferk@mozilla.com,4/23/2021,7.240.52.226
994,Danny,Rummer,drummerrl@cam.ac.uk,7/16/2020,232.79.236.21
995,Monty,Bangiard,mbangiardrm@go.com,10/17/2019,81.99.47.223
996,Harbert,Margerison,hmargerisonrn@prweb.com,12/1/2020,185.191.103.195
997,Marten,Tickner,mticknerro@stanford.edu,11/1/2020,161.115.103.34
998,Gregg,Frankom,gfrankomrp@shutterfly.com,2/1/2020,29.174.16.72
999,Rolf,Whawell,rwhawellrq@typepad.com,9/30/2020,160.111.241.204
1000,Vivia,Mannakee,vmannakeerr@tripod.com,3/11/2018,193.85.175.62
